{
  "stage": 2,
  "model": "AttentionNoPositionModel",
  "n_params": 1131072,
  "best_val_ndcg10_sampled": 0.5515211820602417,
  "best_epoch": 495,
  "test": {
    "hit10_sampled": 0.7338719367980957,
    "ndcg10_sampled": 0.5106381177902222,
    "hit10_full": 0.07687749713659286,
    "ndcg10_full": 0.03999396413564682
  }
}