{
  "stage": 1,
  "model": "BagOfItemsModel",
  "n_params": 1080512,
  "best_val_ndcg10_sampled": 0.24107961356639862,
  "best_epoch": 200,
  "test": {
    "hit10_sampled": 0.39353296160697937,
    "ndcg10_sampled": 0.22302792966365814,
    "hit10_full": 0.007782562170177698,
    "ndcg10_full": 0.003698091022670269
  }
}