{
  "stage": 1,
  "model": "BagOfItemsModel",
  "n_params": 1080512,
  "best_val_ndcg10_sampled": 0.3154456913471222,
  "best_epoch": 500,
  "test": {
    "hit10_sampled": 0.4828546643257141,
    "ndcg10_sampled": 0.2896295487880707,
    "hit10_full": 0.016355233266949654,
    "ndcg10_full": 0.007803093641996384
  }
}